{"cameraMode":{"drawMode":0,"name":"Shaded","section":"Shading Mode"},"sceneLighting":false,"audioPlay":false,"sceneViewState":{"m_AlwaysRefresh":false,"showFog":true,"showSkybox":false,"showFlares":true,"showImageEffects":true,"showParticleSystems":true,"showVisualEffectGraphs":true,"m_FxEnabled":true},"in2DMode":false,"pivot":{"x":0.0639033317565918,"y":-0.1288151741027832,"z":0.2702345848083496},"rotation":{"x":0.16684217751026154,"y":-0.08745669573545456,"z":0.014804702252149582,"w":0.9818840026855469},"size":2.6676790714263918,"orthographic":false}