{"cameraMode":{"drawMode":0,"name":"Shaded","section":"Shading Mode"},"sceneLighting":false,"audioPlay":false,"sceneViewState":{"m_AlwaysRefresh":false,"showFog":true,"showSkybox":false,"showFlares":true,"showImageEffects":true,"showParticleSystems":true,"showVisualEffectGraphs":true,"m_FxEnabled":true},"in2DMode":false,"pivot":{"x":-0.08054149150848389,"y":-0.03732416033744812,"z":0.10281598567962647},"rotation":{"x":0.1240265741944313,"y":-0.6483542323112488,"z":0.108123779296875,"w":0.7432143688201904},"size":1.7695082426071168,"orthographic":false}