{"cameraMode":{"drawMode":0,"name":"Shaded","section":"Shading Mode"},"sceneLighting":true,"audioPlay":false,"sceneViewState":{"m_AlwaysRefresh":false,"showFog":true,"showSkybox":true,"showFlares":true,"showImageEffects":true,"showParticleSystems":true,"showVisualEffectGraphs":true,"m_FxEnabled":true},"in2DMode":false,"pivot":{"x":0.19184242188930512,"y":3.211373805999756,"z":-8.158432006835938},"rotation":{"x":0.1694415658712387,"y":-0.16436146199703217,"z":0.02926195226609707,"w":0.9712969064712524},"size":1.5558223724365235,"orthographic":false}