{"cameraMode":{"drawMode":0,"name":"Shaded","section":"Shading Mode"},"sceneLighting":false,"audioPlay":false,"sceneViewState":{"m_AlwaysRefresh":false,"showFog":false,"showSkybox":false,"showFlares":false,"showImageEffects":false,"showParticleSystems":false,"showVisualEffectGraphs":true,"m_FxEnabled":true},"in2DMode":false,"pivot":{"x":0.4259338974952698,"y":0.9287693500518799,"z":0.4721332788467407},"rotation":{"x":-0.39976683259010317,"y":0.007724653463810682,"z":-0.00332723930478096,"w":-0.9164966344833374},"size":1.548751950263977,"orthographic":false}