{"cameraMode":{"drawMode":0,"name":"Shaded","section":"Shading Mode"},"sceneLighting":false,"audioPlay":false,"sceneViewState":{"m_AlwaysRefresh":false,"showFog":false,"showSkybox":false,"showFlares":false,"showImageEffects":false,"showParticleSystems":false,"showVisualEffectGraphs":true,"m_FxEnabled":true},"in2DMode":false,"pivot":{"x":0.25381675362586977,"y":0.8362879753112793,"z":0.35738611221313479},"rotation":{"x":-0.4197353720664978,"y":0.04709471017122269,"z":-0.021772880107164384,"w":-0.9060795307159424},"size":1.548751950263977,"orthographic":false}