{"cameraMode":{"drawMode":0,"name":"Shaded","section":"Shading Mode"},"sceneLighting":false,"audioPlay":false,"sceneViewState":{"m_AlwaysRefresh":false,"showFog":false,"showSkybox":false,"showFlares":false,"showImageEffects":false,"showParticleSystems":false,"showVisualEffectGraphs":true,"m_FxEnabled":true},"in2DMode":false,"pivot":{"x":0.9563876390457153,"y":1.468692660331726,"z":0.35738611221313479},"rotation":{"x":-0.39976683259010317,"y":0.007724653463810682,"z":-0.00332723930478096,"w":-0.9164966344833374},"size":0.7449227571487427,"orthographic":false}